72444,16252,3952,824,303,137,78,43,16,7,3,5,2,2,1,3,0,1,0,0,0,0,0,0,0,0,0,0,0,0,0,0,0,0,0,0,0,0,0,0,0,0,0,0,0,0,0,0,0,0,0,0,0,0,0,0,0,0,0,0,0,0,0,0,0,0,0,0,0,0,0,0,0,0,0,0,0,0,0,0,0,0,0,0,0,0,0,0,0,0,0,0,0,0,0,0,0,0,0,0,0,0,0,0,0,0,0,0,0,0,0,0,0,0,0,0,0,0,0,0,0,0,0,0,0,0,0,0
16252,47818,27972,6310,1554,645,354,201,103,70,46,26,6,9,7,5,3,3,2,1,0,0,0,0,0,0,0,0,0,0,0,0,0,0,0,0,0,0,0,0,0,0,0,0,0,0,0,0,0,0,0,0,0,0,0,0,0,0,0,0,0,0,0,0,0,0,0,0,0,0,0,0,0,0,0,0,0,0,0,0,0,0,0,0,0,0,0,0,0,0,0,0,0,0,0,0,0,0,0,0,0,0,0,0,0,0,0,0,0,0,0,0,0,0,0,0,0,0,0,0,0,0,0,0,0,0,0,0
3952,27972,118538,71730,10624,2934,1267,788,456,289,156,90,46,37,28,24,4,14,5,6,1,2,2,1,1,0,1,0,1,0,0,0,0,0,0,0,0,0,0,0,0,0,0,0,0,0,0,0,0,0,0,0,0,0,0,0,0,0,0,0,0,0,0,0,0,0,0,0,0,0,0,0,0,0,0,0,0,0,0,0,0,0,0,0,0,0,0,0,0,0,0,0,0,0,0,0,0,0,0,0,0,0,0,0,0,0,0,0,0,0,0,0,0,0,0,0,0,0,0,0,0,0,0,0,0,0,0,0
824,6310,71730,3364574,1615053,22808,7925,3942,2151,1235,687,397,214,104,69,41,31,18,18,6,12,7,7,12,3,4,3,1,0,0,0,0,0,0,0,0,0,0,0,0,0,0,0,0,0,0,0,0,0,0,0,0,0,0,0,0,0,0,0,0,0,0,0,0,0,0,0,0,0,0,0,0,0,0,0,0,0,0,0,0,0,0,0,0,0,0,0,0,0,0,0,0,0,0,0,0,0,0,0,0,0,0,0,0,0,0,0,0,0,0,0,0,0,0,0,0,0,0,0,0,0,0,0,0,0,0,0,0
303,1554,10624,1615053,31726816,918423,82478,32090,15275,8722,4269,2372,1369,793,482,217,101,52,22,10,12,6,6,6,4,12,8,5,2,3,3,0,0,1,0,1,0,0,0,0,0,0,0,0,0,0,0,0,0,0,0,0,0,0,0,0,0,0,0,0,0,0,0,0,0,0,0,0,0,0,0,0,0,0,0,0,0,0,0,0,0,0,0,0,0,0,0,0,0,0,0,0,0,0,0,0,0,0,0,0,0,0,0,0,0,0,0,0,0,0,0,0,0,0,0,0,0,0,0,0,0,0,0,0,0,0,0,0
137,645,2934,22808,918423,4775454,622504,111440,30893,16522,9824,7477,5242,3634,2068,1178,734,318,143,79,32,17,14,9,10,5,8,3,6,1,1,3,4,1,2,1,0,1,0,1,0,0,0,0,0,0,0,0,0,0,0,0,0,0,0,0,0,0,0,0,0,0,0,0,0,0,0,0,0,0,0,0,0,0,0,0,0,0,0,0,0,0,0,0,0,0,0,0,0,0,0,0,0,0,0,0,0,0,0,0,0,0,0,0,0,0,0,0,0,0,0,0,0,0,0,0,0,0,0,0,0,0,0,0,0,0,0,0
78,354,1267,7925,82478,622504,1559806,573267,135111,37282,16104,11925,8317,5526,4569,3746,2965,1436,895,536,276,171,156,22,15,19,5,3,6,6,6,4,1,3,1,2,4,4,1,0,0,0,0,0,0,0,0,0,0,0,0,0,0,0,0,0,0,0,0,0,0,0,0,0,0,0,0,0,0,0,0,0,0,0,0,0,0,0,0,0,0,0,0,0,0,0,0,0,0,0,0,0,0,0,0,0,0,0,0,0,0,0,0,0,0,0,0,0,0,0,0,0,0,0,0,0,0,0,0,0,0,0,0,0,0,0,0,0
43,201,788,3942,32090,111440,573267,1425992,534207,126578,41453,18525,12183,10130,7316,4482,3306,2812,2681,1833,985,603,289,186,110,59,33,9,8,10,4,6,4,2,8,3,1,4,2,0,2,0,1,0,0,0,0,0,0,0,0,0,0,0,0,0,0,0,0,0,0,0,0,0,0,0,0,0,0,0,0,0,0,0,0,0,0,0,0,0,0,0,0,0,0,0,0,0,0,0,0,0,0,0,0,0,0,0,0,0,0,0,0,0,0,0,0,0,0,0,0,0,0,0,0,0,0,0,0,0,0,0,0,0,0,0,0,0
16,103,456,2151,15275,30893,135111,534207,1148050,425031,108097,38515,18301,13753,11129,8542,5413,3369,2795,2045,1546,1321,883,428,208,91,88,59,109,107,39,8,8,2,5,1,7,4,2,2,2,1,1,1,2,1,0,0,0,1,0,0,0,0,0,0,0,0,0,0,0,0,0,0,0,0,0,0,0,0,0,0,0,0,0,0,0,0,0,0,0,0,0,0,0,0,0,0,0,0,0,0,0,0,0,0,0,0,0,0,0,0,0,0,0,0,0,0,0,0,0,0,0,0,0,0,0,0,0,0,0,0,0,0,0,0,0,0
7,70,289,1235,8722,16522,37282,126578,425031,951954,342115,91967,32043,15824,10929,9231,9174,7423,5622,3093,1976,1599,1361,1204,726,369,232,125,69,53,24,27,14,11,9,6,3,2,4,2,2,3,4,2,0,4,1,0,1,1,0,0,0,0,0,0,0,0,0,0,0,0,0,0,0,0,0,0,0,0,0,0,0,0,0,0,0,0,0,0,0,0,0,0,0,0,0,0,0,0,0,0,0,0,0,0,0,0,0,0,0,0,0,0,0,0,0,0,0,0,0,0,0,0,0,0,0,0,0,0,0,0,0,0,0,0,0,0
3,46,156,687,4269,9824,16104,41453,108097,342115,653176,241033,77360,29035,13194,8492,7326,7492,7281,6003,4126,2798,1875,1461,1228,979,522,225,110,167,87,31,68,52,25,22,10,3,2,4,5,1,2,5,6,1,1,2,1,1,1,1,1,0,1,0,1,0,0,0,0,0,0,0,0,0,0,0,0,0,0,0,0,0,0,0,0,0,0,0,0,0,0,0,0,0,0,0,0,0,0,0,0,0,0,0,0,0,0,0,0,0,0,0,0,0,0,0,0,0,0,0,0,0,0,0,0,0,0,0,0,0,0,0,0,0,0,0
5,26,90,397,2372,7477,11925,18525,38515,91967,241033,392926,166055,63565,29141,12691,7158,5878,6110,6800,6201,4256,3629,3117,2126,1371,1012,740,295,187,132,118,128,28,27,14,19,6,6,7,4,4,0,9,7,2,1,0,4,2,3,1,0,0,0,0,2,0,1,0,0,0,0,0,0,0,0,0,0,0,0,0,0,0,0,0,0,0,0,0,0,0,0,0,0,0,0,0,0,0,0,0,0,0,0,0,0,0,0,0,0,0,0,0,0,0,0,0,0,0,0,0,0,0,0,0,0,0,0,0,0,0,0,0,0,0,0,0
2,6,46,214,1369,5242,8317,12183,18301,32043,77360,166055,271246,123262,49860,23947,11448,6480,4980,5090,6306,6025,3943,3123,2921,2589,1980,1330,956,418,194,77,77,71,50,37,22,16,18,33,5,7,2,7,6,1,1,1,1,2,0,0,1,3,1,1,0,0,0,1,1,0,0,0,0,0,0,0,0,0,0,0,0,0,0,0,0,0,0,0,0,0,0,0,0,0,0,0,0,0,0,0,0,0,0,0,0,0,0,0,0,0,0,0,0,0,0,0,0,0,0,0,0,0,0,0,0,0,0,0,0,0,0,0,0,0,0,0
2,9,37,104,793,3634,5526,10130,13753,15824,29035,63565,123262,211042,96003,39160,18640,9976,6430,4889,4563,6321,5754,3732,2964,2614,2809,2874,1862,1261,565,181,124,121,73,53,35,25,20,17,39,61,13,8,7,0,2,5,5,3,2,1,2,1,2,3,1,4,0,0,0,1,1,0,0,0,0,1,0,0,0,0,0,0,0,0,0,0,0,0,0,0,0,0,0,0,0,0,0,0,0,0,0,0,0,0,0,0,0,0,0,0,0,0,0,0,0,0,0,0,0,0,0,0,0,0,0,0,0,0,0,0,0,0,0,0,0,0
1,7,28,69,482,2068,4569,7316,11129,10929,13194,29141,49860,96003,165244,74427,31348,15159,8545,6227,4834,4965,6160,5222,3406,2543,2257,2452,3023,2329,1369,614,193,105,100,64,61,40,57,48,60,41,29,33,5,4,4,1,2,4,3,2,2,5,2,1,4,0,1,0,0,0,0,0,0,0,0,0,0,0,0,0,0,0,0,0,0,0,0,0,0,0,0,0,0,0,0,0,0,0,0,0,0,0,0,0,0,0,0,0,0,0,0,0,0,0,0,0,0,0,0,0,0,0,0,0,0,0,0,0,0,0,0,0,0,0,0,0
3,5,24,41,217,1178,3746,4482,8542,9231,8492,12691,23947,39160,74427,122046,58435,24356,12401,7027,5445,4799,5915,5147,4518,3344,2290,2059,1892,2712,2652,1458,641,202,108,67,59,60,54,24,35,57,41,25,13,7,7,4,3,4,5,3,0,1,1,2,2,1,2,0,3,1,1,1,0,0,0,0,0,0,0,1,1,0,0,0,0,0,0,0,0,0,0,0,0,0,0,0,0,0,0,0,0,0,0,0,0,0,0,0,0,0,0,0,0,0,0,0,0,0,0,0,0,0,0,0,0,0,0,0,0,0,0,0,0,0,0,0
0,3,4,31,101,734,2965,3306,5413,9174,7326,7158,11448,18640,31348,58435,94394,46083,19603,9962,5876,5046,5560,5548,4580,4045,3219,2190,1811,1546,2241,2714,1743,703,252,127,97,74,70,75,66,48,24,17,17,14,13,6,6,5,2,2,0,0,2,0,2,2,0,1,1,0,3,1,1,1,0,0,0,1,0,0,0,1,0,0,0,0,1,0,0,0,0,0,0,0,0,0,0,0,0,0,0,0,0,0,0,0,0,0,0,0,0,0,0,0,0,0,0,0,0,0,0,0,0,0,0,0,0,0,0,0,0,0,0,0,0,0
1,3,14,18,52,318,1436,2812,3369,7423,7492,5878,6480,9976,15159,24356,46083,73432,37266,16055,8487,5721,5623,5444,5021,4182,3566,2975,2240,1714,1477,1821,2688,1846,638,219,123,93,75,58,48,81,39,23,17,13,13,11,11,8,5,5,4,2,2,2,1,2,0,2,3,3,1,2,1,1,0,1,0,0,0,0,0,0,2,0,0,0,0,0,0,0,0,0,0,0,0,0,0,0,0,0,0,0,0,0,0,0,0,0,0,0,0,0,0,0,0,0,0,0,0,0,0,0,0,0,0,0,0,0,0,0,0,0,0,0,0,0
0,2,5,18,22,143,895,2681,2795,5622,7281,6110,4980,6430,8545,12401,19603,37266,59094,29241,13466,8200,6289,5428,5093,4548,3826,3422,2899,2370,1645,1553,1743,2651,2001,631,187,137,103,64,60,37,41,28,26,16,15,14,15,13,12,6,4,4,5,5,0,3,5,6,2,1,3,0,0,0,1,0,0,2,0,0,0,1,0,0,0,0,0,0,0,0,0,0,0,1,0,0,0,0,0,0,0,0,0,0,0,0,0,0,0,0,0,0,0,0,0,0,0,0,0,0,0,0,0,0,0,0,0,0,0,0,0,0,0,0,0,0
0,1,6,6,10,79,536,1833,2045,3093,6003,6800,5090,4889,6227,7027,9962,16055,29241,49188,25000,12636,7907,5750,5269,4939,4235,3625,3030,2935,2419,1664,1423,1845,2520,1711,597,204,119,114,83,49,50,41,35,23,25,15,8,11,12,8,5,7,4,2,3,3,3,0,0,0,0,2,1,1,0,2,1,0,0,0,0,0,0,0,0,1,0,0,1,0,0,0,0,0,0,0,0,0,0,0,0,0,0,0,0,0,0,0,0,0,0,0,0,0,0,0,0,0,0,0,0,0,0,0,0,0,0,0,0,0,0,0,0,0,0,0
0,0,1,12,12,32,276,985,1546,1976,4126,6201,6306,4563,4834,5445,5876,8487,13466,25000,42206,22987,12071,7232,5444,4765,4528,4070,3316,2807,2615,2368,1594,1449,2151,2425,1493,549,196,127,95,99,66,53,34,29,23,20,28,12,8,15,12,7,8,4,5,3,1,3,4,2,2,2,0,0,0,0,2,1,0,0,1,1,0,0,0,1,0,0,1,1,0,1,0,0,0,1,0,0,0,0,0,0,0,0,0,0,0,0,0,0,0,0,0,0,0,0,0,0,0,0,0,0,0,0,0,0,0,0,0,0,0,0,0,0,0,0
0,0,2,7,6,17,171,603,1321,1599,2798,4256,6025,6321,4965,4799,5046,5721,8200,12636,22987,40124,22531,11101,6494,4917,4577,4174,3981,3146,2750,2522,2300,1713,1708,2300,2144,1241,372,160,120,101,110,87,59,34,39,29,23,22,18,11,15,17,8,6,5,5,4,3,2,2,3,0,0,1,0,2,1,0,1,2,0,1,1,1,1,0,0,0,0,0,0,0,0,0,0,1,0,0,0,0,0,0,0,0,0,0,0,0,0,0,0,0,0,0,0,0,0,0,0,0,0,0,0,0,0,0,0,0,0,0,0,0,0,0,0,0
0,0,2,7,6,14,156,289,883,1361,1875,3629,3943,5754,6160,5915,5560,5623,6289,7907,12071,22531,43620,21202,10045,6139,4787,4401,3993,3753,3103,2660,2490,2273,1865,1999,2504,1955,965,247,171,140,93,118,109,66,40,26,32,18,25,18,11,10,14,6,11,7,3,6,5,2,1,3,3,0,1,3,2,2,0,2,0,0,1,1,1,0,0,0,0,1,0,0,0,0,0,0,0,0,0,1,0,0,0,0,0,0,0,0,0,0,0,0,0,0,0,0,0,0,0,0,0,0,0,0,0,0,0,0,0,0,0,0,0,0,0,0
0,0,1,12,6,9,22,186,428,1204,1461,3117,3123,3732,5222,5147,5548,5444,5428,5750,7232,11101,21202,39094,19116,8947,5788,4697,4231,3807,3427,2998,2687,2513,2081,2197,2355,2334,1423,682,235,193,137,94,75,72,40,38,35,34,32,18,12,17,9,19,5,10,11,3,7,7,3,1,4,2,2,1,2,0,2,4,4,0,0,0,1,1,1,0,0,0,0,0,2,0,0,0,0,0,1,1,0,0,0,0,0,0,0,0,0,0,0,0,0,0,0,0,0,0,0,0,0,0,0,0,0,0,0,0,0,0,0,0,0,0,0,0
0,0,1,3,4,10,15,110,208,726,1228,2126,2921,2964,3406,4518,4580,5021,5093,5269,5444,6494,10045,19116,34102,16999,8499,5403,4471,3868,3443,3420,2916,2638,2399,2317,2393,2400,2024,1084,422,192,166,135,97,90,62,44,43,34,28,30,15,17,20,14,13,8,7,8,1,4,3,2,2,3,1,2,2,1,3,4,2,0,2,0,1,2,0,1,0,0,0,1,0,0,0,0,0,0,0,1,0,0,1,0,0,0,0,0,0,0,0,0,0,0,0,0,0,0,0,0,0,0,0,0,0,0,0,0,0,0,0,0,0,0,0,0
0,0,0,4,12,5,19,59,91,369,979,1371,2589,2614,2543,3344,4045,4182,4548,4939,4765,4917,6139,8947,16999,30724,15178,7568,5418,4523,3760,3414,3334,2894,2766,2531,2418,2474,2431,1503,753,270,195,197,131,99,68,54,48,32,31,24,35,25,14,17,12,16,14,9,7,7,6,3,5,2,2,4,3,4,3,1,0,3,0,2,2,2,0,0,0,0,1,0,0,0,0,0,0,1,0,0,0,0,0,0,0,0,0,0,0,0,0,0,0,0,0,0,0,0,0,0,0,0,0,0,0,0,0,0,0,0,0,0,0,0,0,0
0,0,1,3,8,8,5,33,88,232,522,1012,1980,2809,2257,2290,3219,3566,3826,4235,4528,4577,4787,5788,8499,15178,27444,13838,6707,5096,4126,3653,3430,3268,3006,3094,2641,2719,2736,1911,1085,462,233,204,177,150,115,79,55,45,35,25,27,25,39,13,11,16,12,17,14,8,8,8,7,4,5,5,4,1,3,1,4,2,1,2,2,1,0,2,0,1,1,0,0,1,0,1,0,0,1,0,0,0,0,1,0,0,0,0,0,1,0,0,0,0,0,0,0,0,0,0,0,0,0,0,0,0,0,0,0,0,0,0,0,0,0,0
0,0,0,1,5,3,3,9,59,125,225,740,1330,2874,2452,2059,2190,2975,3422,3625,4070,4174,4401,4697,5403,7568,13838,27008,12265,5956,4495,3986,3496,3512,3496,3554,3362,3017,3202,2142,1470,749,303,217,201,160,98,73,65,59,45,46,38,25,17,17,21,14,13,13,11,9,6,5,4,3,3,3,1,2,4,2,1,1,0,2,2,1,2,0,0,3,1,4,0,1,1,0,0,0,1,0,0,0,0,0,0,0,0,0,0,0,0,0,0,0,0,0,0,0,0,0,0,0,0,0,0,0,0,0,0,0,0,0,0,0,0,0
0,0,1,0,2,6,6,8,109,69,110,295,956,1862,3023,1892,1811,2240,2899,3030,3316,3981,3993,4231,4471,5418,6707,12265,25082,11078,5736,4274,3876,3771,3768,3868,3880,3526,3462,2686,1821,1154,428,314,217,197,124,96,81,69,45,52,33,37,32,24,20,19,15,12,15,14,10,6,11,13,1,6,6,3,0,1,1,2,1,1,0,1,0,1,0,0,0,1,1,0,1,0,0,0,0,0,2,0,0,1,0,0,0,0,0,0,0,0,0,0,0,0,0,0,0,0,0,0,0,0,0,0,0,0,0,0,0,0,0,0,0,0
0,0,0,0,3,1,6,10,107,53,167,187,418,1261,2329,2712,1546,1714,2370,2935,2807,3146,3753,3807,3868,4523,5096,5956,11078,22428,9647,5484,4437,4205,4102,4260,4106,4209,3787,3178,2251,1564,696,438,242,230,177,146,96,67,58,59,43,31,40,27,25,14,20,18,7,12,17,10,11,14,4,3,4,3,7,3,4,0,1,1,1,1,2,0,2,2,2,3,1,0,0,0,2,0,0,0,0,0,0,0,0,0,0,0,0,0,0,0,0,0,0,0,0,0,0,0,0,0,0,0,0,0,0,0,0,0,0,0,0,0,0,0
0,0,0,0,3,1,6,4,39,24,87,132,194,565,1369,2652,2241,1477,1645,2419,2615,2750,3103,3427,3443,3760,4126,4495,5736,9647,19334,9068,5352,4461,4421,4610,4533,4476,4330,3419,2607,1901,972,552,345,284,205,139,102,101,59,56,52,42,37,29,35,27,19,19,19,10,12,10,12,18,3,4,7,4,3,2,3,1,1,1,2,2,2,3,2,1,2,2,0,1,2,3,0,1,1,0,0,0,0,0,1,1,0,0,0,0,0,0,0,0,0,0,0,0,0,0,0,0,0,0,0,0,0,0,0,0,0,0,0,0,0,0
0,0,0,0,0,3,4,6,8,27,31,118,77,181,614,1458,2714,1821,1553,1664,2368,2522,2660,2998,3420,3414,3653,3986,4274,5484,9068,16094,8217,5486,4690,5021,5100,4787,4679,3984,3062,2316,1368,732,371,248,234,171,132,110,89,84,56,59,43,26,37,22,24,20,21,14,24,14,10,11,10,6,10,7,6,4,2,3,5,0,4,0,3,2,1,0,1,2,1,1,1,2,0,0,1,1,0,1,0,1,0,0,1,0,0,0,0,0,0,0,0,0,0,0,0,0,0,0,0,0,0,0,0,0,0,0,0,0,0,0,0,0
0,0,0,0,0,4,1,4,8,14,68,128,77,124,193,641,1743,2688,1743,1423,1594,2300,2490,2687,2916,3334,3430,3496,3876,4437,5352,8217,14786,8438,5918,5339,5589,5145,4760,4680,3773,2826,1809,1005,580,364,274,214,201,151,100,106,73,63,54,40,38,40,26,28,17,17,18,8,13,14,13,8,4,3,8,6,2,1,5,1,3,1,3,1,0,0,3,2,1,1,1,2,1,1,0,0,0,1,1,0,0,0,0,0,0,0,1,0,1,0,0,0,0,0,0,0,0,0,0,0,0,0,0,0,0,0,0,0,0,0,0,0
0,0,0,0,1,1,3,2,2,11,52,28,71,121,105,202,703,1846,2651,1845,1449,1713,2273,2513,2638,2894,3268,3512,3771,4205,4461,5486,8438,15170,9242,6326,5991,6119,5390,5230,4767,3431,2320,1309,721,442,336,228,210,158,133,94,83,57,60,46,48,44,40,30,16,19,24,14,21,13,14,8,6,5,7,5,3,6,1,3,3,3,2,2,2,2,1,2,1,1,1,2,0,2,0,1,0,0,0,0,0,0,0,0,0,0,0,0,0,1,0,0,0,0,0,0,0,0,0,0,0,0,0,0,0,0,0,0,0,0,0,0
0,0,0,0,0,2,1,8,5,9,25,27,50,73,100,108,252,638,2001,2520,2151,1708,1865,2081,2399,2766,3006,3496,3768,4102,4421,4690,5918,9242,17346,10181,6968,6805,6495,6195,5543,4241,3096,1725,840,599,338,277,237,207,133,146,109,96,83,55,48,35,39,28,24,28,18,20,15,11,9,12,10,11,9,8,4,5,2,1,2,2,1,3,1,2,3,2,3,1,0,0,0,0,1,1,0,1,0,0,1,0,0,0,0,0,0,0,0,0,0,0,0,0,0,0,0,0,0,0,0,0,0,0,0,0,0,0,0,0,0,0
0,0,0,0,1,1,2,3,1,6,22,14,37,53,64,67,127,219,631,1711,2425,2300,1999,2197,2317,2531,3094,3554,3868,4260,4610,5021,5339,6326,10181,21212,11493,8137,8159,7257,6787,5473,3881,2336,1167,696,468,336,260,238,179,164,151,97,95,69,53,51,42,46,35,35,32,25,19,23,18,20,16,14,7,6,1,5,6,4,3,4,2,5,2,3,7,2,4,1,1,1,1,0,1,1,2,0,1,1,0,0,0,0,1,2,0,0,0,0,0,0,0,0,0,0,0,0,0,0,0,0,0,0,0,0,0,0,0,0,0,0
0,0,0,0,0,0,4,1,7,3,10,19,22,35,61,59,97,123,187,597,1493,2144,2504,2355,2393,2418,2641,3362,3880,4106,4533,5100,5589,5991,6968,11493,24228,13283,10523,9302,8082,6645,5202,3102,1583,886,655,502,365,258,224,209,169,138,116,88,74,60,38,42,35,45,35,32,21,14,17,21,17,17,14,12,6,7,9,7,3,1,2,3,6,2,3,1,2,0,2,1,1,0,2,0,3,0,0,0,1,0,2,0,1,1,0,0,0,0,0,0,0,0,0,0,0,0,0,0,0,0,0,0,0,0,0,0,0,0,0,0
0,0,0,0,0,1,4,4,4,2,3,6,16,25,40,60,74,93,137,204,549,1241,1955,2334,2400,2474,2719,3017,3526,4209,4476,4787,5145,6119,6805,8137,13283,31944,19781,13164,10452,8382,6541,4222,2202,1176,766,615,426,353,234,207,190,127,118,96,87,71,55,42,44,43,31,33,32,20,21,22,16,23,12,9,10,7,5,3,0,3,2,4,3,1,5,3,0,2,3,2,0,0,1,0,1,2,0,0,1,0,0,0,0,0,0,2,0,0,0,0,0,0,0,0,0,0,0,0,0,0,0,0,0,0,0,0,0,0,0,0
0,0,0,0,0,0,1,2,2,4,2,6,18,20,57,54,70,75,103,119,196,372,965,1423,2024,2431,2736,3202,3462,3787,4330,4679,4760,5390,6495,8159,10523,19781,89244,40997,16626,11467,9049,5666,3179,1613,1050,774,599,470,346,295,212,197,151,155,106,67,80,64,52,38,32,36,30,24,21,14,19,16,11,13,11,8,12,9,3,4,4,1,3,5,5,1,5,0,1,3,4,2,1,1,1,2,2,1,2,0,0,0,0,0,0,0,0,0,0,0,0,0,0,0,0,0,0,0,0,0,0,0,0,0,0,0,0,0,0,0
0,0,0,0,0,1,0,0,2,2,4,7,33,17,48,24,75,58,64,114,127,160,247,682,1084,1503,1911,2142,2686,3178,3419,3984,4680,5230,6195,7257,9302,13164,40997,179386,75030,21988,13797,8248,4598,2349,1509,1097,804,653,461,389,314,247,161,160,141,95,83,74,45,44,38,54,34,28,29,28,18,20,13,12,12,9,8,7,6,4,6,2,2,1,6,3,2,2,2,3,0,1,2,0,0,2,1,0,0,0,0,0,1,1,0,0,0,0,2,1,0,0,0,0,0,0,0,0,0,0,0,0,0,0,0,0,0,0,0,0
0,0,0,0,0,0,0,2,2,2,5,4,5,39,60,35,66,48,60,83,95,120,171,235,422,753,1085,1470,1821,2251,2607,3062,3773,4767,5543,6787,8082,10452,16626,75030,250056,111736,32231,14169,7098,3761,2110,1627,1163,897,707,504,397,287,248,159,140,126,96,84,57,50,61,51,30,37,35,26,20,17,14,16,10,14,7,7,6,7,3,6,5,0,3,6,4,3,3,3,2,4,2,2,0,3,1,0,1,1,3,1,2,1,0,0,0,1,0,0,0,0,0,0,0,0,0,0,0,0,0,0,0,0,0,0,0,0,0,0
0,0,0,0,0,0,0,0,1,3,1,4,7,61,41,57,48,81,37,49,99,101,140,193,192,270,462,749,1154,1564,1901,2316,2826,3431,4241,5473,6645,8382,11467,21988,111736,313022,156666,40354,13130,6500,3673,2322,1718,1389,1125,859,608,451,330,249,205,160,120,103,73,69,64,38,53,35,31,30,24,26,17,17,18,15,7,9,12,9,5,4,6,3,2,2,4,4,2,2,0,2,0,2,0,2,0,0,1,0,0,0,0,0,2,1,1,1,0,1,0,0,1,0,0,0,0,0,0,0,0,0,0,0,0,0,0,0,0,0
0,0,0,0,0,0,0,1,1,4,2,0,2,13,29,41,24,39,41,50,66,110,93,137,166,195,233,303,428,696,972,1368,1809,2320,3096,3881,5202,6541,9049,13797,32231,156666,506984,241904,39862,13420,6935,4399,2877,2116,1637,1277,1063,771,578,406,293,222,187,140,111,82,73,66,43,43,39,31,29,26,26,19,21,12,13,5,7,4,10,2,6,2,2,3,2,3,2,0,6,1,3,4,2,0,2,2,0,0,1,0,2,0,0,2,0,1,0,0,0,0,0,0,0,0,0,0,0,0,0,0,0,0,0,0,0,0,0,0
0,0,0,0,0,0,0,0,1,2,5,9,7,8,33,25,17,23,28,41,53,87,118,94,135,197,204,217,314,438,552,732,1005,1309,1725,2336,3102,4222,5666,8248,14169,40354,241904,3066188,954931,39813,16319,9276,5971,3957,2749,2041,1496,1216,1007,706,528,364,276,251,164,170,88,74,65,58,48,32,35,37,25,20,22,20,9,13,13,14,8,10,6,5,3,1,3,5,3,4,5,3,4,5,3,3,3,1,1,1,1,0,0,1,1,1,1,0,0,0,0,0,0,0,0,0,0,0,0,0,0,0,0,0,0,0,0,0,0,0
0,0,0,0,0,0,0,0,2,0,6,7,6,7,5,13,17,17,26,35,34,59,109,75,97,131,177,201,217,242,345,371,580,721,840,1167,1583,2202,3179,4598,7098,13130,39862,954931,5065854,256482,47327,23703,13983,8892,5772,4010,2679,1917,1467,1141,932,658,420,364,275,215,120,107,94,73,41,32,51,44,28,37,25,18,18,15,17,13,8,7,4,5,3,5,3,6,3,5,2,3,0,4,2,3,2,1,2,1,2,1,2,1,2,0,0,1,0,1,0,0,0,0,0,0,0,0,0,0,0,0,0,0,0,0,0,0,0,0
0,0,0,0,0,0,0,0,1,4,1,2,1,0,4,7,14,13,16,23,29,34,66,72,90,99,150,160,197,230,284,248,364,442,599,696,886,1176,1613,2349,3761,6500,13420,39813,256482,432502,83284,37366,24384,16824,11454,8043,5565,3898,2831,1856,1364,1066,874,637,445,359,251,184,142,101,68,58,39,37,36,31,28,25,19,9,16,13,7,6,4,7,3,7,4,5,3,2,3,1,1,1,1,0,2,3,1,2,2,0,1,0,0,0,2,1,0,0,0,0,0,0,0,0,0,0,0,0,0,0,0,0,0,0,0,0,0,0
0,0,0,0,0,0,0,0,0,1,1,1,1,2,4,7,13,13,15,25,23,39,40,40,62,68,115,98,124,177,205,234,274,336,338,468,655,766,1050,1509,2110,3673,6935,16319,47327,83284,85994,40386,25022,18645,14614,11466,8471,6557,4828,3596,2636,1850,1339,1049,771,636,457,317,249,187,127,76,77,54,32,37,24,23,23,21,17,16,13,4,11,7,4,4,2,5,7,4,3,5,4,3,4,4,6,3,2,3,3,1,0,1,4,0,0,0,0,0,0,0,0,0,0,0,0,0,0,0,0,0,0,0,0,0,0,0,0,0
0,0,0,0,0,0,0,0,0,0,2,0,1,5,1,4,6,11,14,15,20,29,26,38,44,54,79,73,96,146,139,171,214,228,277,336,502,615,774,1097,1627,2322,4399,9276,23703,37366,40386,39836,26962,18344,13926,11569,9944,8105,6306,5020,3956,3037,2305,1686,1215,988,771,590,409,327,249,142,103,74,60,53,39,32,17,25,19,22,19,9,9,10,9,3,1,5,2,8,5,3,3,7,0,1,3,4,1,2,2,1,2,0,1,1,2,1,0,0,0,0,0,0,0,0,0,0,0,0,0,0,0,0,0,0,0,0,0,0
0,0,0,0,0,0,0,0,0,1,1,4,1,5,2,3,6,11,15,8,28,23,32,35,43,48,55,65,81,96,102,132,201,210,237,260,365,426,599,804,1163,1718,2877,5971,13983,24384,25022,26962,27984,21056,15066,11614,9420,7855,7151,6252,4883,3893,3250,2583,1925,1542,1122,850,669,516,417,291,224,146,95,65,45,42,28,28,31,25,19,15,11,5,5,6,12,6,6,4,8,3,7,1,2,4,4,0,1,3,3,0,1,4,0,5,0,1,0,0,1,0,0,0,0,0,0,0,0,0,0,0,0,0,0,0,0,0,0,0
0,0,0,0,0,0,0,0,1,1,1,2,2,3,4,4,5,8,13,11,12,22,18,34,34,32,45,59,69,67,101,110,151,158,207,238,258,353,470,653,897,1389,2116,3957,8892,16824,18645,18344,21056,23078,18053,13207,10290,8263,6782,6071,5570,4642,3749,3293,2693,2269,1651,1271,998,748,634,458,383,262,193,127,61,50,36,30,26,24,11,23,7,13,12,6,8,3,5,7,7,6,2,3,3,0,4,4,4,3,2,1,2,1,0,1,2,1,0,0,0,0,1,0,0,0,0,0,0,0,0,0,0,0,0,0,0,0,0,0
0,0,0,0,0,0,0,0,0,0,1,3,0,2,3,5,2,5,12,12,8,18,25,32,28,31,35,45,45,58,59,89,100,133,133,179,224,234,346,461,707,1125,1637,2749,5772,11454,14614,13926,15066,18053,20100,16288,11823,9272,7532,6138,5232,4897,4375,3693,3207,2746,2163,1751,1342,1074,804,701,507,413,330,247,136,119,51,40,40,35,20,16,20,12,14,11,5,8,3,8,6,5,4,1,1,2,7,1,6,1,0,2,0,2,0,1,1,0,0,0,0,0,3,0,0,0,0,0,0,0,0,0,0,0,0,0,0,0,0,0
0,0,0,0,0,0,0,0,0,0,1,1,0,1,2,3,2,5,6,8,15,11,18,18,30,24,25,46,52,59,56,84,106,94,146,164,209,207,295,389,504,859,1277,2041,4010,8043,11466,11569,11614,13207,16288,18544,15061,11326,8756,6843,5665,4895,4332,4165,3459,3053,2729,2230,1775,1480,1196,888,761,556,487,367,295,205,120,62,51,35,42,23,11,17,14,16,10,12,9,7,10,4,3,4,2,4,1,4,2,2,2,1,0,0,1,1,0,1,2,1,2,0,0,0,0,0,0,0,0,0,0,0,0,0,0,0,0,0,0,0
0,0,0,0,0,0,0,0,0,0,1,0,1,2,2,0,0,4,4,5,12,15,11,12,15,35,27,38,33,43,52,56,73,83,109,151,169,190,212,314,397,608,1063,1496,2679,5565,8471,9944,9420,10290,11823,15061,16430,13803,10432,8030,6601,5258,4657,4057,3729,3282,2857,2472,2070,1708,1526,1203,926,722,593,509,388,299,255,147,88,60,27,29,29,28,22,9,10,5,8,4,10,5,7,8,3,1,3,2,2,2,3,2,1,2,0,1,4,2,0,1,0,0,1,0,0,0,0,0,0,0,0,0,0,0,0,0,0,0,0,0
0,0,0,0,0,0,0,0,0,0,0,0,3,1,5,1,0,2,4,7,7,17,10,17,17,25,25,25,37,31,42,59,63,57,96,97,138,127,197,247,287,451,771,1216,1917,3898,6557,8105,7855,8263,9272,11326,13803,14826,12924,9755,7489,6143,5131,4406,3772,3492,3168,2591,2386,2162,1708,1384,1234,974,780,636,476,393,331,246,174,120,54,43,42,27,23,14,10,12,8,7,6,1,3,2,2,2,6,4,3,2,3,2,1,0,2,2,0,1,1,0,0,1,0,0,1,0,0,0,0,0,0,0,0,0,0,0,0,0,0,0
0,0,0,0,0,0,0,0,0,0,1,0,1,2,2,1,2,2,5,4,8,8,14,9,20,14,39,17,32,40,37,43,54,60,83,95,116,118,151,161,248,330,578,1007,1467,2831,4828,6306,7151,6782,7532,8756,10432,12924,13628,11887,8937,7019,5783,4973,4059,3711,3213,2958,2503,2338,2043,1710,1402,1246,1010,817,650,451,451,372,262,183,138,81,44,38,39,30,16,11,13,8,5,4,4,5,4,1,2,4,1,3,4,2,2,0,1,2,2,0,0,0,0,0,1,0,0,0,0,0,0,0,0,0,0,0,0,0,0,0,0,0
0,0,0,0,0,0,0,0,0,0,0,0,1,3,1,2,0,2,5,2,4,6,6,19,14,17,13,17,24,27,29,26,40,46,55,69,88,96,155,160,159,249,406,706,1141,1856,3596,5020,6252,6071,6138,6843,8030,9755,11887,12600,10889,8590,6679,5526,4556,3916,3272,3097,2885,2615,2231,1974,1606,1325,1208,1067,845,608,483,384,336,254,202,131,70,41,48,26,12,24,11,6,10,4,3,5,3,7,3,5,1,3,2,4,1,3,0,1,2,1,1,1,1,0,1,0,0,0,0,0,0,0,0,0,0,0,0,0,0,0,0,0
0,0,0,0,0,0,0,0,0,0,1,2,0,1,4,2,2,1,0,3,5,5,11,5,13,12,11,21,20,25,35,37,38,48,48,53,74,87,106,141,140,205,293,528,932,1364,2636,3956,4883,5570,5232,5665,6601,7489,8937,10889,11634,10005,7884,6583,5101,4554,3797,3253,2818,2727,2488,2044,1952,1625,1384,1110,1018,825,659,434,391,337,268,224,173,86,52,30,31,20,14,10,4,8,9,4,5,1,5,9,4,1,3,2,2,2,3,2,5,1,0,1,1,0,1,0,0,0,0,0,0,0,0,0,0,0,0,0,0,0,0,0
0,0,0,0,0,0,0,0,0,0,0,0,0,4,0,1,2,2,3,3,3,5,7,10,8,16,16,14,19,14,27,22,40,44,35,51,60,71,67,95,126,160,222,364,658,1066,1850,3037,3893,4642,4897,4895,5258,6143,7019,8590,10005,10364,9364,7608,6051,5072,4246,3514,3004,2772,2545,2378,2026,1917,1616,1333,1067,1014,829,564,436,394,341,263,198,149,80,72,46,28,22,17,7,10,10,4,2,1,3,6,2,3,0,1,2,1,2,1,2,3,1,1,1,0,1,0,0,0,0,0,0,0,0,0,0,0,0,0,0,0,0,0
0,0,0,0,0,0,0,0,0,0,0,1,0,0,1,2,0,0,5,3,1,4,3,11,7,14,12,13,15,20,19,24,26,40,39,42,38,55,80,83,96,120,187,276,420,874,1339,2305,3250,3749,4375,4332,4657,5131,5783,6679,7884,9364,10206,9040,7174,5912,4798,3971,3509,2969,2694,2476,2266,2006,1809,1574,1264,1130,959,843,575,422,365,323,284,194,139,98,61,47,25,14,17,17,10,7,7,3,5,3,2,6,2,4,3,1,3,0,0,0,2,5,1,0,0,0,0,0,0,0,0,0,0,0,0,0,0,0,0,0,0,0
0,0,0,0,0,0,0,0,0,0,0,0,1,0,0,0,1,2,6,0,3,3,6,3,8,9,17,13,12,18,19,20,28,30,28,46,42,42,64,74,84,103,140,251,364,637,1049,1686,2583,3293,3693,4165,4057,4406,4973,5526,6583,7608,9040,10066,8844,7270,5766,4789,3769,3318,2888,2594,2420,2156,2114,1751,1531,1300,1126,924,821,536,432,370,339,268,224,163,93,56,37,26,24,22,7,7,4,10,2,4,9,4,2,5,3,0,2,3,2,1,2,0,0,2,0,1,0,0,0,0,0,0,0,0,0,0,0,0,0,0,0,0
0,0,0,0,0,0,0,0,0,0,0,0,1,0,0,3,1,3,2,0,4,2,5,7,1,7,14,11,15,7,19,21,17,16,24,35,35,44,52,45,57,73,111,164,275,445,771,1215,1925,2693,3207,3459,3729,3772,4059,4556,5101,6051,7174,8844,9114,8390,6743,5384,4386,3680,3108,2786,2469,2361,2153,2048,1699,1460,1331,1127,885,692,505,376,321,323,243,195,153,81,37,34,35,31,20,8,1,7,6,10,5,5,5,3,5,5,2,2,2,0,0,1,0,0,0,0,0,0,1,0,0,0,0,0,0,0,0,0,0,0,0,0
0,0,0,0,0,0,0,0,0,0,0,0,0,1,0,1,0,3,1,0,2,2,2,7,4,7,8,9,14,12,10,14,17,19,28,35,45,43,38,44,50,69,82,170,215,359,636,988,1542,2269,2746,3053,3282,3492,3711,3916,4554,5072,5912,7270,8390,8774,8080,6614,5295,4369,3684,3114,2687,2513,2301,2109,1965,1792,1497,1368,1145,902,663,448,346,369,316,286,220,154,65,45,37,39,24,9,4,11,2,8,4,4,5,1,3,1,3,5,1,0,1,2,2,1,1,0,2,1,0,1,0,0,0,0,0,0,0,0,0,0,0,0
0,0,0,0,0,0,0,0,0,0,0,0,0,1,0,1,3,1,3,0,2,3,1,3,3,6,8,6,10,17,12,24,18,24,18,32,35,31,32,38,61,64,73,88,120,251,457,771,1122,1651,2163,2729,2857,3168,3213,3272,3797,4246,4798,5766,6743,8080,8414,7627,6017,4971,4092,3450,2971,2678,2389,2193,1996,1958,1726,1404,1283,1160,831,592,410,345,362,312,239,160,130,79,59,42,29,13,8,5,3,6,8,7,5,6,2,4,4,2,2,4,1,0,0,1,1,0,2,0,0,0,0,0,0,0,0,0,0,0,0,0,0,0
0,0,0,0,0,0,0,0,0,0,0,0,0,0,0,1,1,2,0,2,2,0,3,1,2,3,8,5,6,10,10,14,8,14,20,25,32,33,36,54,51,38,66,74,107,184,317,590,850,1271,1751,2230,2472,2591,2958,3097,3253,3514,3971,4789,5384,6614,7627,8046,6995,5923,4710,3804,3246,2823,2502,2341,2112,1892,1848,1642,1386,1274,1125,808,579,351,335,331,350,264,137,117,71,31,32,17,14,10,11,5,7,11,6,3,6,4,5,2,2,1,3,1,0,0,2,0,0,0,0,0,0,0,0,0,0,0,0,0,0,0,0,0
0,0,0,0,0,0,0,0,0,0,0,0,0,0,0,0,1,1,0,1,0,0,3,4,2,5,7,4,11,11,12,10,13,21,15,19,21,32,30,34,30,53,43,65,94,142,249,409,669,998,1342,1775,2070,2386,2503,2885,2818,3004,3509,3769,4386,5295,6017,6995,7176,6502,5317,4452,3808,3094,2754,2593,2302,2047,1847,1824,1503,1340,1224,1093,734,487,378,328,339,285,217,187,96,69,44,27,18,15,8,8,9,6,4,6,6,1,3,6,3,4,1,1,2,2,0,2,1,0,1,0,0,0,0,0,0,0,0,0,0,0,0,0
0,0,0,0,0,0,0,0,0,0,0,0,0,0,0,0,1,1,0,1,0,1,0,2,3,2,4,3,13,14,18,11,14,13,11,23,14,20,24,28,37,35,43,58,73,101,187,327,516,748,1074,1480,1708,2162,2338,2615,2727,2772,2969,3318,3680,4369,4971,5923,6502,6804,6110,5098,4306,3641,3221,2835,2551,2323,2142,1872,1757,1522,1404,1193,979,701,467,372,388,295,278,215,138,91,63,46,30,21,10,7,9,5,7,8,6,5,4,6,6,1,2,1,2,2,3,2,0,1,2,0,0,0,0,0,0,0,0,0,0,0,0,0
0,0,0,0,0,0,0,0,0,0,0,0,0,0,0,0,0,0,1,0,0,0,1,2,1,2,5,3,1,4,3,10,13,14,9,18,17,21,21,29,35,31,39,48,41,68,127,249,417,634,804,1196,1526,1708,2043,2231,2488,2545,2694,2888,3108,3684,4092,4710,5317,6110,5974,5551,5028,4235,3581,3151,2769,2603,2301,2051,1875,1680,1507,1339,1128,907,711,430,356,347,314,261,190,123,77,42,39,30,15,12,10,6,1,6,1,4,1,3,1,3,2,5,0,0,1,1,1,0,0,0,0,0,0,0,0,0,0,0,0,0,0,0
0,0,0,0,0,0,0,0,0,0,0,0,0,1,0,0,0,1,0,2,0,2,3,1,2,4,5,3,6,3,4,6,8,8,12,20,21,22,14,28,26,30,31,32,32,58,76,142,291,458,701,888,1203,1384,1710,1974,2044,2378,2476,2594,2786,3114,3450,3804,4452,5098,5551,5736,5432,4677,4103,3501,3061,2713,2540,2247,2049,1772,1615,1400,1253,1039,803,687,454,371,326,290,228,127,128,55,41,34,19,12,4,6,4,5,9,6,0,5,0,0,3,2,1,1,1,3,1,0,0,3,0,0,0,0,0,0,0,0,0,0,0,0
0,0,0,0,0,0,0,0,0,0,0,0,0,0,0,0,0,0,0,1,2,1,2,2,2,3,4,1,6,4,7,10,4,6,10,16,17,16,19,18,20,24,29,35,51,39,77,103,224,383,507,761,926,1234,1402,1606,1952,2026,2266,2420,2469,2687,2971,3246,3808,4306,5028,5432,5812,5533,4837,4065,3550,3016,2786,2426,2180,2007,1796,1574,1367,1106,913,743,653,420,380,342,264,187,171,81,65,44,31,19,21,15,5,3,4,3,9,5,3,1,2,3,0,3,0,1,0,2,2,4,0,0,0,0,0,0,0,0,0,0,0,0
0,0,0,0,0,0,0,0,0,0,0,0,0,0,0,0,1,0,2,0,1,0,2,0,1,4,1,2,3,3,4,7,3,5,11,14,17,23,16,20,17,26,26,37,44,37,54,74,146,262,413,556,722,974,1246,1325,1625,1917,2006,2156,2361,2513,2678,2823,3094,3641,4235,4677,5533,5738,5475,4886,4031,3441,3047,2748,2519,2193,1952,1807,1587,1309,1030,939,749,571,398,334,346,238,192,98,78,49,42,28,9,15,9,12,9,3,3,7,1,5,6,1,1,2,2,0,2,1,0,2,0,0,0,0,0,0,0,0,0,0,0,0
0,0,0,0,0,0,0,0,0,0,0,0,0,0,0,0,0,0,0,0,0,1,0,2,3,3,3,4,0,7,3,6,8,7,9,7,14,12,11,13,14,17,26,25,28,36,32,60,95,193,330,487,593,780,1010,1208,1384,1616,1809,2114,2153,2301,2389,2502,2754,3221,3581,4103,4837,5475,6250,6067,5125,4218,3537,3109,2835,2453,2242,1969,1692,1461,1245,967,811,732,569,434,335,275,238,163,121,53,44,39,21,10,12,10,5,7,4,10,3,4,1,6,1,1,2,1,0,1,0,2,0,0,0,0,0,0,0,0,0,0,0,0
0,0,0,0,0,0,0,0,0,0,0,0,0,0,0,1,0,0,0,0,0,2,2,4,4,1,1,2,1,3,2,4,6,5,8,6,12,9,13,12,16,17,19,20,37,31,37,53,65,127,247,367,509,636,817,1067,1110,1333,1574,1751,2048,2109,2193,2341,2593,2835,3151,3501,4065,4886,6067,7020,6486,5494,4346,3610,3312,2867,2462,2109,1980,1708,1419,1107,883,749,654,547,424,325,254,210,149,75,62,44,23,16,15,10,13,6,6,7,7,3,3,6,6,3,2,5,2,0,1,0,0,0,0,0,0,0,0,0,0,0,0,0
0,0,0,0,0,0,0,0,0,0,0,0,0,0,0,1,0,0,0,0,1,0,0,4,2,0,4,1,1,4,3,2,2,3,4,1,6,10,11,12,10,18,21,22,25,28,24,39,45,61,136,295,388,476,650,845,1018,1067,1264,1531,1699,1965,1996,2112,2302,2551,2769,3061,3550,4031,5125,6486,7784,7437,5940,4652,3853,3279,2791,2399,2164,1878,1564,1268,954,805,701,642,536,423,303,231,159,97,74,61,35,25,10,13,11,4,8,6,7,7,4,4,4,6,1,0,0,2,1,0,0,0,0,0,0,0,0,0,0,0,0,0
0,0,0,0,0,0,0,0,0,0,0,0,0,0,0,0,1,0,1,0,1,1,0,0,0,3,2,1,2,0,1,3,1,6,5,5,7,7,8,9,14,15,12,20,18,25,23,32,42,50,119,205,299,393,451,608,825,1014,1130,1300,1460,1792,1958,1892,2047,2323,2603,2713,3016,3441,4218,5494,7437,8888,8455,6626,4970,3957,3374,2786,2527,2185,1807,1498,1123,893,766,721,613,482,370,262,201,147,106,63,54,29,20,16,15,9,9,10,10,10,2,0,1,2,4,2,1,0,1,0,0,0,1,0,0,0,0,0,0,0,0,0
0,0,0,0,0,0,0,0,0,0,0,0,0,0,0,0,0,2,0,0,0,1,1,0,2,0,1,0,1,1,1,5,5,1,2,6,9,5,12,8,7,7,13,9,18,19,23,17,28,36,51,120,255,331,451,483,659,829,959,1126,1331,1497,1726,1848,1847,2142,2301,2540,2786,3047,3537,4346,5940,8455,10020,9542,7531,5403,4139,3515,2946,2560,2167,1753,1420,1057,840,796,696,557,441,364,273,185,131,83,67,41,20,12,20,10,8,8,6,10,5,4,6,3,5,1,0,3,1,0,1,1,0,0,0,0,0,0,0,0,0,0
0,0,0,0,0,0,0,0,0,0,0,0,0,0,0,0,0,0,0,0,0,1,1,0,0,2,2,2,1,1,1,0,1,3,1,4,7,3,9,7,7,9,5,13,15,9,21,25,28,30,40,62,147,246,372,384,434,564,843,924,1127,1368,1404,1642,1824,1872,2051,2247,2426,2748,3109,3610,4652,6626,9542,11082,10600,7980,5741,4286,3607,2897,2541,2027,1558,1259,1015,834,794,647,530,388,293,237,153,97,69,49,41,23,15,11,14,9,2,4,5,7,4,3,1,2,0,0,1,4,1,0,0,0,0,0,0,0,0,0,0,0
0,0,0,0,0,0,0,0,0,0,0,0,0,0,0,0,0,0,0,0,0,1,1,1,1,2,2,2,0,1,2,4,3,3,2,3,3,0,3,6,6,12,7,13,17,16,17,19,31,26,40,51,88,174,262,336,391,436,575,821,885,1145,1283,1386,1503,1757,1875,2049,2180,2519,2835,3312,3853,4970,7531,10600,13152,12083,9072,6297,4771,3696,2928,2429,1906,1502,1171,945,806,664,574,491,359,253,187,111,81,60,52,31,20,13,10,10,7,4,6,4,7,7,1,1,1,2,1,1,2,0,0,0,0,0,0,0,0,0,0,0
0,0,0,0,0,0,0,0,0,0,0,0,0,0,0,0,0,0,0,1,1,0,0,1,2,2,1,1,1,1,2,0,1,3,2,4,1,3,4,4,7,9,4,14,13,13,16,22,25,24,35,35,60,120,183,254,337,394,422,536,692,902,1160,1274,1340,1522,1680,1772,2007,2193,2453,2867,3279,3957,5403,7980,12083,14984,13721,9708,6545,4799,3725,2984,2215,1770,1353,1060,930,884,651,510,425,335,231,136,102,60,61,48,22,26,14,14,13,13,8,5,3,4,3,3,2,3,2,2,0,0,0,0,0,0,0,0,0,0,0,0
0,0,0,0,0,0,0,0,0,0,0,0,0,0,0,0,1,0,0,0,0,0,0,1,0,0,0,2,0,2,2,3,3,2,1,2,2,2,4,6,3,5,10,8,8,7,13,19,19,11,20,42,27,54,138,202,268,341,365,432,505,663,831,1125,1224,1404,1507,1615,1796,1952,2242,2462,2791,3374,4139,5741,9072,13721,17846,16402,11005,7112,5143,3743,2967,2306,1707,1227,1044,870,732,637,470,338,306,185,105,64,73,40,21,22,22,13,6,10,7,8,7,6,1,1,2,1,3,0,0,0,0,0,0,0,0,0,0,0,0,0
0,0,0,0,0,0,0,0,0,0,0,0,0,0,0,0,0,0,0,0,0,0,0,0,1,0,2,0,1,0,3,2,1,2,3,5,3,4,1,2,6,4,2,10,7,6,4,9,15,23,16,23,29,43,81,131,224,263,323,370,376,448,592,808,1093,1193,1339,1400,1574,1807,1969,2109,2399,2786,3515,4286,6297,9708,16402,21698,19031,11947,7598,5036,3715,2897,2028,1537,1188,1033,783,713,543,402,290,188,172,100,75,58,38,24,22,8,10,4,11,7,6,2,5,9,0,3,2,1,0,0,0,0,0,0,0,0,0,0,0,0
0,0,0,0,0,0,0,0,0,0,0,0,0,0,0,0,0,0,0,1,1,0,0,0,0,0,0,0,0,2,2,1,0,2,1,2,6,3,3,2,5,6,6,6,4,4,11,9,11,7,20,11,29,42,44,70,173,198,284,339,321,346,410,579,734,979,1128,1253,1367,1587,1692,1980,2164,2527,2946,3607,4771,6545,11005,19031,27010,21986,12968,7820,5048,3660,2699,1996,1491,1165,888,789,617,451,364,264,171,125,104,84,48,37,26,20,7,10,10,6,6,4,5,0,1,1,3,2,1,0,0,0,0,0,0,0,0,0,0,0
0,0,0,0,0,0,0,0,0,0,0,0,0,0,0,0,0,0,0,0,1,0,1,0,0,0,1,3,0,2,1,0,0,2,2,3,2,1,5,1,0,3,2,5,5,7,7,10,5,13,12,17,28,27,38,41,86,149,194,268,323,369,345,351,487,701,907,1039,1106,1309,1461,1708,1878,2185,2560,2897,3696,4799,7112,11947,21986,30544,23876,12898,7507,4968,3673,2750,1924,1296,968,777,713,510,425,277,213,162,88,85,58,54,32,25,14,10,8,9,8,7,4,6,1,1,4,2,4,1,3,0,0,0,0,0,0,0,0,0
0,0,0,0,0,0,0,0,0,0,0,0,0,0,0,0,0,0,0,0,0,0,0,0,0,1,1,1,0,2,2,1,3,1,3,7,3,5,5,6,3,2,2,3,3,3,4,9,5,12,14,14,22,23,39,48,52,80,139,224,243,316,362,335,378,467,711,803,913,1030,1245,1419,1564,1807,2167,2541,2928,3725,5143,7598,12968,23876,34036,24092,12674,7355,5072,3817,2689,1815,1245,931,743,566,487,339,280,170,114,97,77,68,31,38,23,16,16,10,14,4,5,4,7,1,1,0,3,2,2,0,0,0,0,0,0,0,0,0
0,0,0,0,0,0,0,0,0,0,0,0,0,0,0,0,0,0,0,0,1,0,0,0,1,0,0,4,1,3,2,2,2,2,2,2,1,3,1,3,6,2,3,1,5,7,4,3,6,6,11,16,9,14,30,26,30,72,98,163,195,286,312,331,328,372,430,687,743,939,967,1107,1268,1498,1753,2027,2429,2984,3743,5036,7820,12898,24092,32580,23204,12004,7263,4972,3776,2466,1685,1118,860,695,567,371,322,216,146,117,82,58,50,36,23,31,19,10,11,5,9,4,2,4,0,4,2,5,2,0,1,0,0,0,0,0,0,0
0,0,0,0,0,0,0,0,0,0,0,0,0,0,0,0,0,0,0,0,0,0,0,2,0,0,0,0,1,1,0,1,1,1,3,4,2,0,5,2,4,4,2,3,3,4,2,1,12,8,5,10,10,10,16,12,31,46,61,93,153,220,239,350,339,388,356,454,653,749,811,883,954,1123,1420,1558,1906,2215,2967,3715,5048,7507,12674,23204,30998,20801,11220,6941,4660,3471,2471,1557,1048,754,596,483,379,282,199,127,101,69,45,48,30,28,16,11,8,3,9,6,2,2,4,3,2,4,3,1,1,0,0,0,0,0,0,0
0,0,0,0,0,0,0,0,0,0,0,0,0,0,0,0,0,0,1,0,0,0,0,0,0,0,1,1,0,0,1,1,1,1,1,1,0,2,0,2,3,4,3,5,6,5,5,5,6,3,8,12,5,12,11,24,20,28,47,56,81,154,160,264,285,295,347,371,420,571,732,749,805,893,1057,1259,1502,1770,2306,2897,3660,4968,7355,12004,20801,26176,18402,10382,6728,4562,3320,2144,1322,846,697,547,403,348,190,135,97,73,55,54,36,18,25,19,16,11,10,15,4,1,2,0,3,1,1,0,0,1,0,0,0,0,0,0
0,0,0,0,0,0,0,0,0,0,0,0,0,0,0,0,0,0,0,0,0,0,0,0,0,0,0,1,1,0,2,1,1,1,0,1,2,3,1,2,3,2,2,3,3,3,7,2,6,5,3,9,8,8,13,11,14,22,25,37,37,65,130,137,217,278,314,326,380,398,569,654,701,766,840,1015,1171,1353,1707,2028,2699,3673,5072,7263,11220,18402,22814,16220,9406,6276,4382,3143,1881,1109,770,665,480,355,235,149,119,79,74,58,41,26,24,17,17,12,11,6,6,1,2,3,1,0,2,0,0,0,0,0,0,0,0,0
0,0,0,0,0,0,0,0,0,0,0,0,0,0,0,0,0,0,0,0,1,1,0,0,0,0,1,0,0,0,3,2,2,2,0,1,1,2,3,3,3,2,0,4,5,2,4,8,4,7,8,7,4,7,8,6,10,17,14,26,34,45,79,117,187,215,261,290,342,334,434,547,642,721,796,834,945,1060,1227,1537,1996,2750,3817,4972,6941,10382,16220,20202,14123,8895,5818,3866,2528,1630,1045,750,619,443,329,196,122,106,80,61,54,33,22,14,19,7,18,6,5,13,2,1,0,1,1,0,0,0,0,0,0,0,0,0
0,0,0,0,0,0,0,0,0,0,0,0,0,0,0,0,0,0,0,0,0,0,0,0,0,0,0,0,0,2,0,0,1,0,0,1,1,0,4,0,2,0,6,5,2,3,3,5,8,7,6,10,10,6,5,10,4,7,17,24,35,37,59,71,96,138,190,228,264,346,335,424,536,613,696,794,806,930,1044,1188,1491,1924,2689,3776,4660,6728,9406,14123,16126,12358,8085,5295,3356,2141,1382,944,770,556,334,259,174,115,91,70,40,37,36,31,18,12,17,3,6,12,9,2,1,1,1,1,0,1,0,0,0,0,0,0
0,0,0,0,0,0,0,0,0,0,0,0,0,0,0,0,0,0,0,0,0,0,0,0,0,1,0,0,0,0,1,0,1,2,0,0,0,0,2,1,4,2,1,3,3,1,5,3,3,6,5,4,5,1,4,4,8,10,17,22,31,39,42,31,69,91,123,127,187,238,275,325,423,482,557,647,664,884,870,1033,1165,1296,1815,2466,3471,4562,6276,8895,12358,13810,11040,7072,4452,2936,1993,1249,838,632,402,295,223,124,110,92,58,38,52,20,19,18,15,11,10,6,7,4,4,2,5,0,2,0,0,0,0,0,0,0
0,0,0,0,0,0,0,0,0,0,0,0,0,0,0,0,0,0,0,0,0,0,0,1,0,0,1,1,0,0,1,1,0,0,1,1,2,1,1,2,2,0,3,4,0,1,4,3,7,2,4,3,7,3,4,3,9,10,10,7,20,24,29,32,44,63,77,128,171,192,238,254,303,370,441,530,574,651,732,783,888,968,1245,1685,2471,3320,4382,5818,8085,11040,12378,9344,5868,3809,2728,1708,1177,754,518,350,234,161,120,97,75,64,42,49,25,25,4,12,10,11,5,4,2,3,0,0,2,0,0,0,0,0,0,0
0,0,0,0,0,0,0,0,0,0,0,0,0,0,0,0,0,0,0,0,0,0,1,1,1,0,0,0,0,0,0,1,0,1,1,1,0,0,1,0,2,2,4,5,4,1,3,7,1,3,1,4,8,2,5,5,4,4,7,7,8,9,13,17,27,46,42,55,81,98,163,210,231,262,364,388,491,510,637,713,789,777,931,1118,1557,2144,3143,3866,5295,7072,9344,10722,7723,4781,3437,2366,1534,1000,659,435,277,188,122,109,70,61,37,24,23,15,10,14,12,10,9,5,1,3,2,4,1,0,0,0,0,0,0,0
0,0,0,0,0,0,0,0,0,0,0,0,0,0,0,0,0,0,0,0,0,0,0,0,0,0,0,0,2,0,0,0,0,0,0,2,3,1,1,0,0,0,2,3,2,1,4,0,2,3,1,2,3,2,4,3,5,2,7,4,1,4,8,14,18,30,39,41,65,78,121,149,159,201,273,293,359,425,470,543,617,713,743,860,1048,1322,1881,2528,3356,4452,5868,7723,8466,6264,4101,3137,2034,1356,848,509,388,223,161,120,79,66,59,35,38,19,19,18,11,10,9,2,2,3,1,0,1,1,1,0,0,0,0,0
0,0,0,0,0,0,0,0,0,0,0,0,0,0,0,0,0,0,0,0,0,0,0,0,0,0,0,0,0,0,0,1,1,0,1,0,0,2,2,2,3,2,0,3,3,0,4,1,4,0,2,4,1,2,1,7,1,1,3,10,7,11,5,10,15,21,30,34,44,49,53,75,97,147,185,237,253,335,338,402,451,510,566,695,754,846,1109,1630,2141,2936,3809,4781,6264,6928,5272,3555,2703,1811,1074,645,462,279,184,154,82,68,54,45,37,31,24,22,18,13,11,5,5,2,3,1,1,2,0,0,0,0,0,0
0,0,0,0,0,0,0,0,0,0,0,0,0,0,0,0,0,0,0,0,0,0,0,0,1,0,0,0,0,0,0,0,1,0,0,1,0,0,2,1,1,0,2,3,2,2,6,3,4,4,7,1,3,6,2,3,5,3,5,2,6,2,3,11,8,10,15,19,31,42,44,62,74,106,131,153,187,231,306,290,364,425,487,567,596,697,770,1045,1382,1993,2728,3437,4101,5272,6106,4746,3518,2532,1502,889,539,361,211,173,103,96,76,53,29,39,27,17,18,8,11,12,5,3,1,2,1,1,2,0,0,0,0,0
0,0,0,0,0,0,0,0,0,0,0,0,0,0,0,0,0,0,0,0,0,0,0,0,0,0,1,0,1,0,0,1,0,0,0,1,0,0,1,0,0,0,2,1,1,3,3,4,0,4,1,4,2,4,4,5,9,6,3,4,10,8,6,5,8,7,12,12,19,28,39,44,61,63,83,97,111,136,185,188,264,277,339,371,483,547,665,750,944,1249,1708,2366,3137,3555,4746,5482,4287,3068,2047,1236,637,414,277,159,125,92,67,59,33,37,30,19,12,12,16,5,7,1,4,3,0,2,2,1,0,0,0,0
0,0,0,0,0,0,0,0,0,0,0,0,0,0,0,0,0,0,0,0,0,0,0,0,0,0,0,0,0,0,1,0,0,0,1,0,1,1,2,0,1,1,0,1,2,1,2,1,1,4,6,2,2,3,1,1,4,2,2,9,5,4,8,7,9,9,10,4,21,9,21,23,35,54,67,69,81,102,105,172,171,213,280,322,379,403,480,619,770,838,1177,1534,2034,2703,3518,4287,5292,3987,2724,1727,957,602,328,204,142,114,82,66,54,47,30,28,20,15,13,4,8,1,2,1,1,0,0,0,0,0,0,0
0,0,0,0,0,0,0,0,0,0,0,0,0,0,0,0,0,0,0,0,0,0,0,0,0,0,0,0,0,0,1,0,0,0,0,0,0,0,0,0,1,0,0,1,1,2,3,2,3,3,1,2,2,2,3,3,1,3,6,4,5,4,7,11,6,5,6,6,15,15,10,16,25,29,41,49,60,60,64,100,125,162,170,216,282,348,355,443,556,632,754,1000,1356,1811,2532,3068,3987,4894,3395,2316,1311,787,390,261,155,128,89,79,65,45,37,37,31,16,8,9,9,10,4,4,2,2,1,0,0,0,0,0
0,0,0,0,0,0,0,0,0,0,0,0,0,0,0,0,0,0,0,0,0,0,0,0,0,0,0,0,0,0,0,1,0,0,0,0,2,0,0,0,3,0,1,1,2,2,3,2,3,2,0,2,3,3,4,2,3,0,2,2,5,5,5,6,4,7,1,4,5,9,12,15,10,20,20,41,52,61,73,75,104,88,114,146,199,190,235,329,334,402,518,659,848,1074,1502,2047,2724,3395,3692,2720,1814,1025,525,318,187,146,100,106,61,61,45,32,26,24,22,11,11,5,4,5,2,2,3,0,0,0,0,0
0,0,0,0,0,0,0,0,0,0,0,0,0,0,0,0,0,0,0,0,0,0,0,0,0,0,0,0,0,0,0,0,0,0,0,0,0,0,0,0,1,0,0,0,1,0,1,1,0,1,2,1,2,2,2,4,2,1,4,5,3,1,6,3,6,8,6,5,3,12,10,10,13,16,12,23,31,48,40,58,84,85,97,117,127,135,149,196,259,295,350,435,509,645,889,1236,1727,2316,2720,2910,2208,1581,816,443,232,130,113,106,67,53,50,33,37,30,28,16,13,3,5,3,3,3,2,0,0,0,0,0
0,0,0,0,0,0,0,0,0,0,0,0,0,0,0,0,0,0,0,0,0,0,0,0,0,0,0,0,0,0,0,0,0,0,0,1,1,0,0,1,2,0,2,0,2,1,0,2,1,2,0,0,1,1,2,1,2,2,3,3,5,3,2,6,6,6,1,9,4,9,5,13,11,15,20,15,20,22,21,38,48,58,77,82,101,97,119,122,174,223,234,277,388,462,539,637,957,1311,1814,2208,2378,1925,1145,601,279,190,141,127,84,67,71,35,38,32,32,19,17,5,8,5,2,4,4,2,0,0,0,0
0,0,0,0,0,0,0,0,0,0,0,0,0,0,0,0,0,0,0,0,0,0,0,0,0,0,1,0,0,0,0,0,0,0,0,2,1,0,0,1,1,0,0,1,1,0,1,0,4,1,2,0,2,0,0,3,2,1,1,0,5,1,4,4,1,5,4,6,3,3,7,6,4,9,10,11,13,26,22,24,37,54,68,58,69,73,79,106,115,124,161,188,223,279,361,414,602,787,1025,1581,1925,2180,1569,860,407,213,154,134,97,73,65,58,39,37,20,23,12,15,10,4,6,1,5,1,3,0,0,0
0,0,0,0,0,0,0,0,0,0,0,0,0,0,0,0,0,0,0,0,0,0,0,0,0,0,0,0,0,0,0,0,1,0,0,0,0,0,0,0,0,2,0,1,2,0,4,1,0,0,0,1,0,2,1,0,3,2,3,2,2,3,4,5,3,4,1,0,9,3,4,6,8,9,8,14,10,14,22,22,26,32,31,50,45,55,74,80,91,110,120,122,161,184,211,277,328,390,525,816,1145,1569,1546,1143,524,311,177,130,99,85,84,58,36,40,31,29,8,7,6,8,7,3,3,1,1,1,0,0
0,0,0,0,0,0,0,0,0,0,0,0,0,0,0,0,0,0,0,0,0,0,0,0,0,0,0,0,0,0,0,0,0,0,0,0,0,2,0,0,0,1,2,1,0,0,0,1,5,1,1,1,1,2,2,1,2,1,0,3,2,5,2,2,6,6,3,5,5,7,10,7,6,10,8,9,10,14,13,8,20,25,38,36,48,54,58,61,70,92,97,109,120,154,173,159,204,261,318,443,601,860,1143,1160,712,413,213,178,113,104,110,71,78,42,28,29,30,13,16,9,5,4,6,4,5,0,0,0
0,0,0,0,0,0,0,0,0,0,0,0,0,0,0,0,0,0,0,0,0,0,0,0,0,0,0,0,0,0,0,0,1,0,0,0,0,0,0,0,0,1,0,1,0,2,0,2,0,2,1,0,4,0,2,2,5,2,0,2,2,1,2,2,3,6,1,0,3,1,3,7,7,10,6,2,7,13,6,10,7,14,23,23,30,36,41,54,40,58,75,70,79,82,103,125,142,155,187,232,279,407,524,712,672,477,253,172,116,86,86,75,65,42,40,20,21,18,17,9,10,5,4,1,2,0,0,0
0,0,0,0,0,0,0,0,0,0,0,0,0,0,0,0,0,0,0,0,0,0,0,0,0,0,0,0,0,0,0,0,0,1,0,0,0,0,0,0,1,1,1,0,1,1,0,1,1,1,0,1,2,1,0,1,1,3,0,1,0,0,4,1,4,1,3,0,1,5,4,3,7,10,10,4,4,13,10,4,10,10,16,31,28,18,26,33,37,38,64,61,66,68,96,92,114,128,146,130,190,213,311,413,477,414,303,173,136,127,101,88,69,58,30,30,30,12,13,5,8,10,1,2,1,2,0,0
0,0,0,0,0,0,0,0,0,0,0,0,0,0,0,0,0,0,0,0,0,0,0,0,0,0,0,0,0,0,0,0,0,0,0,0,0,0,0,2,0,0,0,0,0,0,0,0,0,0,0,2,0,1,0,1,0,1,2,2,0,1,1,3,1,2,2,3,2,6,1,3,4,2,5,5,6,8,7,11,10,8,16,19,16,25,24,22,36,52,42,37,59,54,76,67,82,89,100,113,141,154,177,213,253,303,292,190,153,143,122,104,93,65,57,34,20,16,18,14,19,8,6,1,3,0,0,0
0,0,0,0,0,0,0,0,0,0,0,0,0,0,0,0,0,0,0,0,0,0,0,0,0,0,0,0,0,0,0,0,0,0,0,0,0,0,0,1,0,1,0,0,1,0,0,0,0,0,0,1,1,0,0,1,1,1,5,0,1,2,0,1,1,1,5,2,3,1,6,6,4,0,4,7,4,5,8,7,6,9,10,10,11,19,17,14,31,20,49,24,35,45,53,59,66,79,106,106,127,134,130,178,172,173,190,196,205,144,121,132,93,62,52,55,21,17,24,17,8,7,7,7,2,2,0,0
0,0,0,0,0,0,0,0,0,0,0,0,0,0,0,0,0,0,0,0,0,0,0,0,0,0,0,0,0,0,0,0,0,0,0,0,0,0,0,0,0,0,0,0,0,0,0,0,1,0,0,2,0,0,0,1,1,1,1,0,0,2,0,0,2,2,0,1,0,1,1,6,4,1,6,4,7,3,7,6,6,8,14,11,8,16,17,19,18,19,25,23,38,37,29,33,54,65,61,67,84,97,99,113,116,136,153,205,180,129,135,115,105,71,57,38,26,18,15,15,11,13,6,4,4,1,0,0
0,0,0,0,0,0,0,0,0,0,0,0,0,0,0,0,0,0,0,0,0,0,0,0,0,0,0,0,0,0,0,0,0,0,0,0,0,0,0,0,0,0,0,0,0,0,0,0,0,0,0,0,0,1,0,0,0,0,0,2,0,1,1,0,2,2,0,1,3,2,1,3,6,2,3,3,7,4,6,2,4,7,4,5,3,11,12,7,12,18,25,15,19,31,39,37,47,45,61,53,67,73,85,104,86,127,143,144,129,128,118,145,103,89,68,45,34,21,19,19,18,12,9,6,5,0,0,0
0,0,0,0,0,0,0,0,0,0,0,0,0,0,0,0,0,0,0,0,0,0,0,0,0,0,0,0,0,0,0,0,0,0,0,0,0,0,0,0,0,1,0,0,0,0,0,0,0,1,3,0,1,0,1,1,1,1,0,0,0,1,1,2,0,3,1,1,0,2,2,2,1,4,5,1,1,3,1,5,5,4,5,9,9,10,11,18,17,15,4,10,19,24,27,30,30,37,45,50,71,65,84,110,86,101,122,121,135,118,156,138,147,110,67,53,48,42,41,22,18,23,12,12,5,4,3,1
0,0,0,0,0,0,0,0,0,0,0,0,0,0,0,0,0,0,0,0,0,0,0,0,0,0,0,0,0,0,0,0,0,0,0,0,0,0,0,0,0,0,0,0,0,0,0,0,0,0,0,0,0,0,0,0,0,0,0,1,0,0,0,0,2,2,1,3,1,0,1,5,0,2,1,2,1,3,1,9,0,6,4,4,6,15,6,6,3,11,12,14,18,22,17,19,28,37,32,33,35,58,58,71,75,88,104,132,115,145,138,114,155,126,90,60,42,38,24,34,22,21,10,14,7,2,0,0
0,0,0,0,0,0,0,0,0,0,0,0,0,0,0,0,0,0,0,0,0,0,0,0,0,0,0,0,0,0,0,0,0,0,0,0,0,0,0,0,0,0,0,0,0,0,0,0,0,0,0,0,0,1,0,0,0,0,0,0,0,2,2,0,1,0,1,1,0,2,0,2,0,1,0,0,1,2,2,0,1,1,7,2,2,4,6,5,6,10,10,12,11,18,18,12,20,31,26,37,38,39,36,78,65,69,93,93,105,103,147,155,188,150,102,63,40,34,43,24,25,23,14,9,4,4,2,1
0,0,0,0,0,0,0,0,0,0,0,0,0,0,0,0,0,0,0,0,0,0,0,0,0,0,0,0,0,0,0,0,0,0,0,0,0,0,0,0,0,0,0,0,0,0,0,0,0,0,0,0,0,0,0,0,0,0,0,0,0,1,0,0,0,1,0,0,2,1,1,0,2,0,3,0,2,3,1,3,1,1,1,4,2,1,1,13,12,6,11,10,10,13,8,12,15,16,24,30,32,37,40,42,42,58,65,62,71,89,110,126,150,176,107,70,65,37,45,29,18,24,26,13,10,2,1,0
0,0,0,0,0,0,0,0,0,0,0,0,0,0,0,0,0,0,0,0,0,0,0,0,0,0,0,0,0,0,0,0,0,0,0,0,0,0,0,0,0,0,0,0,0,0,0,0,0,0,0,0,0,0,0,0,0,0,0,0,1,0,0,0,1,2,0,0,2,0,0,1,1,1,1,1,1,2,3,2,3,4,1,0,4,2,2,2,9,7,5,9,9,11,11,16,13,8,22,28,32,20,31,28,40,30,57,52,57,68,67,90,102,107,126,72,51,48,48,24,32,29,28,20,10,6,2,2
0,0,0,0,0,0,0,0,0,0,0,0,0,0,0,0,0,0,0,0,0,0,0,0,0,0,0,0,0,0,0,0,0,0,0,0,0,0,0,0,0,0,0,0,0,0,0,0,0,0,0,0,0,0,0,0,0,0,0,0,0,1,0,0,0,0,0,3,4,2,2,0,0,0,0,4,1,2,0,1,2,2,0,4,3,0,3,1,2,4,4,5,2,5,12,5,4,9,11,16,19,23,29,29,20,30,34,55,38,45,53,60,63,70,72,70,57,37,50,32,32,32,18,21,17,11,0,3
0,0,0,0,0,0,0,0,0,0,0,0,0,0,0,0,0,0,0,0,0,0,0,0,0,0,0,0,0,0,0,0,0,0,0,0,0,0,0,0,0,0,0,0,0,0,0,0,0,0,0,0,0,0,0,0,0,0,0,0,0,0,0,0,0,0,0,0,0,0,0,0,0,0,1,1,2,0,0,0,1,4,3,2,2,3,1,0,1,4,2,1,2,5,5,7,8,9,11,13,17,12,8,30,21,30,20,21,26,34,48,42,40,65,51,57,62,39,46,29,26,29,18,16,13,11,1,0
0,0,0,0,0,0,0,0,0,0,0,0,0,0,0,0,0,0,0,0,0,0,0,0,0,0,0,0,0,0,0,0,0,0,0,0,0,0,0,0,0,0,0,0,0,0,0,0,0,0,0,0,0,0,0,0,0,0,0,0,0,0,0,0,0,0,0,0,0,0,0,0,0,0,1,0,0,0,0,0,0,1,2,5,4,1,0,1,1,2,3,3,3,2,3,1,1,10,5,3,5,15,7,13,18,12,16,17,18,21,42,38,34,37,48,37,39,28,43,36,38,30,16,24,18,9,1,2
0,0,0,0,0,0,0,0,0,0,0,0,0,0,0,0,0,0,0,0,0,0,0,0,0,0,0,0,0,0,0,0,0,0,0,0,0,0,0,0,0,0,0,0,0,0,0,0,0,0,0,0,0,0,0,0,0,0,0,0,0,0,0,0,0,0,0,0,0,0,0,0,0,1,0,0,0,0,0,0,0,3,2,2,3,1,2,1,1,5,0,2,1,3,1,4,2,4,4,5,8,10,6,16,17,13,18,24,15,19,41,24,43,45,48,50,46,43,58,46,32,36,28,20,23,8,6,2
0,0,0,0,0,0,0,0,0,0,0,0,0,0,0,0,0,0,0,0,0,0,0,0,0,0,0,0,0,0,0,0,0,0,0,0,0,0,0,0,0,0,0,0,0,0,0,0,0,0,0,0,0,0,0,0,0,0,0,0,0,0,0,0,0,0,0,0,0,0,0,0,0,0,0,0,0,0,0,0,0,0,0,0,1,0,0,0,1,0,0,4,0,1,2,3,1,4,5,3,5,4,8,9,9,5,14,17,15,19,22,34,24,29,24,32,29,36,46,18,44,28,42,28,19,12,3,0
0,0,0,0,0,0,0,0,0,0,0,0,0,0,0,0,0,0,0,0,0,0,0,0,0,0,0,0,0,0,0,0,0,0,0,0,0,0,0,0,0,0,0,0,0,0,0,0,0,0,0,0,0,0,0,0,0,0,0,0,0,0,0,0,0,0,0,0,0,0,0,0,0,0,0,0,0,0,0,0,0,0,0,1,1,0,0,0,0,2,2,1,1,1,1,0,1,2,2,3,2,6,7,5,10,8,19,8,11,18,18,22,25,18,32,32,26,38,32,44,26,46,24,28,33,19,7,0
0,0,0,0,0,0,0,0,0,0,0,0,0,0,0,0,0,0,0,0,0,0,0,0,0,0,0,0,0,0,0,0,0,0,0,0,0,0,0,0,0,0,0,0,0,0,0,0,0,0,0,0,0,0,0,0,0,0,0,0,0,0,0,0,0,0,0,0,0,0,0,0,0,0,0,0,0,0,0,0,0,0,0,0,0,1,0,0,1,0,0,0,1,2,1,2,0,2,2,3,4,1,3,4,5,10,8,7,13,12,23,21,23,24,29,32,29,30,36,28,46,26,47,39,29,31,19,0
0,0,0,0,0,0,0,0,0,0,0,0,0,0,0,0,0,0,0,0,0,0,0,0,0,0,0,0,0,0,0,0,0,0,0,0,0,0,0,0,0,0,0,0,0,0,0,0,0,0,0,0,0,0,0,0,0,0,0,0,0,0,0,0,0,0,0,0,0,0,0,0,0,0,0,0,0,0,0,0,0,0,0,0,0,0,0,0,0,0,0,0,1,0,2,2,0,1,3,2,4,5,3,6,4,1,6,7,6,9,12,10,14,26,28,18,18,16,28,42,24,47,44,37,35,30,9,4
0,0,0,0,0,0,0,0,0,0,0,0,0,0,0,0,0,0,0,0,0,0,0,0,0,0,0,0,0,0,0,0,0,0,0,0,0,0,0,0,0,0,0,0,0,0,0,0,0,0,0,0,0,0,0,0,0,0,0,0,0,0,0,0,0,0,0,0,0,0,0,0,0,0,0,0,0,0,0,0,0,0,0,0,0,0,0,0,0,0,0,0,0,0,0,1,0,0,0,0,2,1,1,4,1,2,1,7,4,6,12,14,9,13,20,21,16,24,20,28,28,39,37,38,44,37,17,3
0,0,0,0,0,0,0,0,0,0,0,0,0,0,0,0,0,0,0,0,0,0,0,0,0,0,0,0,0,0,0,0,0,0,0,0,0,0,0,0,0,0,0,0,0,0,0,0,0,0,0,0,0,0,0,0,0,0,0,0,0,0,0,0,0,0,0,0,0,0,0,0,0,0,0,0,0,0,0,0,0,0,0,0,0,0,0,0,0,0,0,0,0,0,0,0,0,0,0,0,0,3,1,5,2,1,3,2,4,5,5,7,4,10,10,17,13,18,23,19,33,29,35,44,44,46,33,4
0,0,0,0,0,0,0,0,0,0,0,0,0,0,0,0,0,0,0,0,0,0,0,0,0,0,0,0,0,0,0,0,0,0,0,0,0,0,0,0,0,0,0,0,0,0,0,0,0,0,0,0,0,0,0,0,0,0,0,0,0,0,0,0,0,0,0,0,0,0,0,0,0,0,0,0,0,0,0,0,0,0,0,0,0,0,0,0,0,0,0,0,0,0,0,0,0,0,0,0,0,0,1,0,0,2,0,2,1,0,4,2,4,2,6,11,11,9,8,12,19,31,30,37,46,42,37,13
0,0,0,0,0,0,0,0,0,0,0,0,0,0,0,0,0,0,0,0,0,0,0,0,0,0,0,0,0,0,0,0,0,0,0,0,0,0,0,0,0,0,0,0,0,0,0,0,0,0,0,0,0,0,0,0,0,0,0,0,0,0,0,0,0,0,0,0,0,0,0,0,0,0,0,0,0,0,0,0,0,0,0,0,0,0,0,0,0,0,0,0,0,0,0,0,0,0,0,0,0,0,0,0,0,0,0,0,0,0,3,0,2,1,2,0,1,1,6,3,7,19,9,17,33,37,36,45
0,0,0,0,0,0,0,0,0,0,0,0,0,0,0,0,0,0,0,0,0,0,0,0,0,0,0,0,0,0,0,0,0,0,0,0,0,0,0,0,0,0,0,0,0,0,0,0,0,0,0,0,0,0,0,0,0,0,0,0,0,0,0,0,0,0,0,0,0,0,0,0,0,0,0,0,0,0,0,0,0,0,0,0,0,0,0,0,0,0,0,0,0,0,0,0,0,0,0,0,0,0,0,0,0,0,0,0,0,0,1,0,1,0,2,3,0,2,2,0,0,0,4,3,4,13,45,46
